-- PostgreSQL schema converted from the provided MySQL dump.

CREATE TABLE "doctors" (
    "idDoctors" INTEGER GENERATED BY DEFAULT AS IDENTITY PRIMARY KEY,
    "doc_name" VARCHAR(45),
    "doc_secname" VARCHAR(45),
    "doc_surname" VARCHAR(45),
    "doc_rules" INTEGER
);

CREATE TABLE "patients" (
    "idPatients" INTEGER GENERATED BY DEFAULT AS IDENTITY PRIMARY KEY,
    "Name" VARCHAR(145) NOT NULL,
    "Secname" VARCHAR(145),
    "Surname" VARCHAR(145) NOT NULL,
    "Birthdate" DATE,
    "Username" VARCHAR(145) NOT NULL,
    "Password" VARCHAR(45) NOT NULL
);

CREATE TABLE "videos" (
    "idvideos" INTEGER GENERATED BY DEFAULT AS IDENTITY PRIMARY KEY,
    "video_name" VARCHAR(45),
    "filename" VARCHAR(45),
    "ex_type" VARCHAR(50) NOT NULL DEFAULT 'для всех'
);

CREATE TABLE "disorders" (
    "idDisorders" INTEGER GENERATED BY DEFAULT AS IDENTITY PRIMARY KEY,
    "Disorder_name" VARCHAR(45),
    "Disorder_type" VARCHAR(45)
);

CREATE TABLE "appointments" (
    "idAppointments" INTEGER GENERATED BY DEFAULT AS IDENTITY,
    "Starttime" DATE,
    "Endtime" DATE,
    "Comments" TEXT,
    "idPatients" INTEGER NOT NULL,
    "idvideos" INTEGER NOT NULL,
    "idDoctors" INTEGER NOT NULL DEFAULT 1,
    "kolvden" INTEGER NOT NULL DEFAULT 1,
    "dlitelnost" TIME WITHOUT TIME ZONE DEFAULT '00:00:50'::time,
    "sdelanovden" INTEGER NOT NULL DEFAULT 0,
    "sdelanovsego" INTEGER NOT NULL DEFAULT 0,
    "Lastsession" TIMESTAMP WITHOUT TIME ZONE DEFAULT CURRENT_TIMESTAMP,
    "done_percent" INTEGER NOT NULL DEFAULT 0,
    "CumulativeTimeSpent" DOUBLE PRECISION DEFAULT 0,
    PRIMARY KEY ("idAppointments", "idPatients", "idDoctors"),
    FOREIGN KEY ("idDoctors") REFERENCES "doctors" ("idDoctors"),
    FOREIGN KEY ("idPatients") REFERENCES "patients" ("idPatients"),
    FOREIGN KEY ("idvideos") REFERENCES "videos" ("idvideos")
);

CREATE TABLE "patient_disorders" (
    "patient_id" INTEGER NOT NULL,
    "disorder_id" INTEGER NOT NULL,
    PRIMARY KEY ("patient_id", "disorder_id"),
    FOREIGN KEY ("patient_id") REFERENCES "patients" ("idPatients"),
    FOREIGN KEY ("disorder_id") REFERENCES "disorders" ("idDisorders")
);

CREATE TABLE "disorder_videos" (
    "disorder_id" INTEGER NOT NULL,
    "videos_id" INTEGER NOT NULL,
    PRIMARY KEY ("disorder_id", "videos_id"),
    FOREIGN KEY ("disorder_id") REFERENCES "disorders" ("idDisorders") ON DELETE CASCADE ON UPDATE CASCADE,
    FOREIGN KEY ("videos_id") REFERENCES "videos" ("idvideos")
);

CREATE TABLE "push_count" (
    "id" INTEGER PRIMARY KEY,
    "count" INTEGER
);

CREATE TABLE "rules" (
    "doc_rules" INTEGER PRIMARY KEY,
    "rule_description" VARCHAR(45)
);

CREATE INDEX "ix_appointments_idPatients" ON "appointments" ("idPatients");
CREATE INDEX "ix_appointments_idvideos" ON "appointments" ("idvideos");
CREATE INDEX "ix_appointments_idDoctors" ON "appointments" ("idDoctors");
CREATE INDEX "ix_disorder_videos_videos_id" ON "disorder_videos" ("videos_id");
CREATE INDEX "ix_patient_disorders_disorder_id" ON "patient_disorders" ("disorder_id");

INSERT INTO "doctors" ("idDoctors", "doc_name", "doc_secname", "doc_surname", "doc_rules") VALUES
(1, 'Alex', 'V', 'Mash', NULL);

INSERT INTO "patients" ("idPatients", "Name", "Secname", "Surname", "Birthdate", "Username", "Password") VALUES
(46, 'Женя', '', 'Чепц', '2023-08-15', 'cheptsz', '89bvag'),
(48, 'Саша', '', 'Еремеева', '2017-04-03', 'eremeevas2', 'qmix80'),
(49, 'Иван', '', 'Авсеевич ', '2011-04-13', 'avseevich i', 'qjxv40'),
(52, 'Ангелина', '', 'Останкова', '2017-11-21', 'ostankovaa2', 'whaf71'),
(57, 'Алексей', 'Алексеич', 'Алексеев', '2013-08-21', 'alekseeva', 'fwnt78'),
(58, 'Александра', 'Альбертовна', 'Сысоева', '2017-11-07', 'sysoevaa', 'gbni78'),
(62, 'Иван', 'Иванович', 'Иванов', '2015-01-01', 'ivan', '0339df446b5ab1307d178b3f87a3d0fd'),
(63, 'Борис', 'Иванович', 'Быков ', '2023-08-21', 'bykov b', 'cead61');

INSERT INTO "videos" ("idvideos", "video_name", "filename", "ex_type") VALUES
(15, 'Подъем рук вперед', 'plecho_act_1', 'Плечевой сустав (активные)'),
(16, 'Подъем рук в стороны', 'plecho_act_2', 'Плечевой сустав (активные)'),
(17, 'Отведение рук назад', 'plecho_act_3', 'Плечевой сустав (активные)'),
(18, 'Подъем локтей вверх', 'plecho_act_4', 'Плечевой сустав (активные)'),
(19, 'Отведение рук в стороны', 'plecho_act_5', 'Плечевой сустав (активные)'),
(20, 'Подъем руки вперед', 'plecho_pass_1', 'Плечевой сустав (пассивные)'),
(21, 'Подъем руки в сторону', 'plecho_pass_2', 'Плечевой сустав (пассивные)'),
(22, 'Отвод руки назад', 'plecho_pass_3', 'Плечевой сустав (пассивные)'),
(23, 'Подъем локтей вверх', 'plecho_pass_4', 'Плечевой сустав (пассивные)'),
(24, 'Заведение руки за спину', 'plecho_pass_5', 'Плечевой сустав (пассивные)'),
(25, ' Кисти к плечам', 'lokot_act_1', 'Локтевой сустав (активные)'),
(26, 'Разгибание рук вперед', 'lokot_act_2', 'Локтевой сустав (активные)'),
(27, 'Разворот кистей', 'lokot_act_3', 'Локтевой сустав (активные)'),
(28, 'Разворот руки с предметом', 'lokot_act_4', 'Локтевой сустав (активные)'),
(29, 'Разгибание руки', 'lokot_pass_1', 'Локтевой сустав (пассивные)'),
(30, 'Вращение кисти', 'lokot_pass_2', 'Локтевой сустав (пассивные)'),
(31, 'Разворот ладони', 'lokot_pass_3', 'Локтевой сустав (пассивные)'),
(32, 'Поднятие кисти с разогнутыми пальцами', 'zap_act_1', 'Лучезапястный сустав (активные)'),
(33, 'Раскрытие кисти из кулака', 'zap_act_2', 'Лучезапястный сустав (активные)'),
(34, 'Подъем пальцев вверх', 'zap_act_3', 'Лучезапястный сустав (активные)'),
(35, 'Сжимание пальцев в кулак', 'zap_act_4', 'Лучезапястный сустав (активные)'),
(36, 'Отведение большого пальца', 'zap_act_5', 'Лучезапястный сустав (активные)'),
(37, 'Сгибание пальцев с захватом', 'zap_act_6', 'Лучезапястный сустав (активные)'),
(38, 'Отведение большого пальца с вращением', 'zap_act_7', 'Лучезапястный сустав (активные)'),
(39, 'Поднятие кисти вверх', 'zap_pass_1', 'Лучезапястный сустав (пассивные)'),
(40, 'Раскрытие ладони', 'zap_pass_2', 'Лучезапястный сустав (пассивные)'),
(41, 'Поднятие пальцев вверх', 'zap_pass_3', 'Лучезапястный сустав (пассивные)'),
(42, 'Отведение большого пальца', 'zap_pass_4', 'Лучезапястный сустав (пассивные)'),
(43, 'Отведение кисти наружу', 'zap_pass_5', 'Лучезапястный сустав (пассивные)'),
(44, 'Подъем колена к животу', 'taz_act_1', 'Тазобедренный сустав (активные)'),
(45, 'Подъем ноги вверх', 'taz_act_2', 'Тазобедренный сустав (активные)'),
(46, 'Вращение прямой ногой', 'taz_act_3', 'Тазобедренный сустав (активные)'),
(47, 'Подъем ноги на боку', 'taz_act_4', 'Тазобедренный сустав (активные)'),
(48, 'Подъем колена с фиксацией', 'taz_pass_1', 'Тазобедренный сустав (пассивные)'),
(49, 'Наклон корпуса вниз с фиксацией', 'taz_pass_2', 'Тазобедренный сустав (пассивные)'),
(50, 'Отведение ноги с фиксацией', 'taz_pass_3', 'Тазобедренный сустав (пассивные)'),
(51, 'Отведение коленей с фиксацией', 'taz_pass_4', 'Тазобедренный сустав (пассивные)'),
(52, 'Скользящее сгибание ноги', 'koleno_act_1', 'Коленный сустав (активные)'),
(53, 'Выпрямление ноги', 'koleno_act_2', 'Коленный сустав (активные)'),
(54, 'Сгибание ног на животе', 'koleno_act_3', 'Коленный сустав (активные)'),
(55, 'Круговое вращение мяча', 'koleno_act_4', 'Коленный сустав (активные)'),
(57, 'Сгибание ноги на животе с фиксацией', 'koleno_pass_1', 'Коленный сустав (пассивные)'),
(58, 'Разгибание ноги в колене с фиксацией', 'koleno_pass_2', 'Коленный сустав (пассивные)'),
(59, 'Нагибание корпуса вперед с фиксацией', 'koleno_pass_3', 'Коленный сустав (пассивные)'),
(60, 'Сгибание стоп', 'stopa_act_1', 'Голеностопный сустав (активные)'),
(61, 'Вращения стопами', 'stopa_act_2', 'Голеностопный сустав (активные)'),
(62, 'Отведение стоп в стороны', 'stopa_act_3', 'Голеностопный сустав (активные)'),
(63, 'Скольжение стопой от колена', 'stopa_act_4', 'Голеностопный сустав (активные)'),
(64, 'Сгибание стопы с фиксацией', 'stopa_pass_1', 'Голеностопный сустав (пассивные)'),
(65, 'Разгибание стопы с фиксацией', 'stopa_pass_2', 'Голеностопный сустав (пассивные)'),
(66, 'Подъем прямых ног вверх', 'spina_act_1', 'Спина (активные)'),
(67, 'Подъем рук и корпуса вверх', 'spina_act_2', 'Спина (активные)'),
(68, 'Подъем рук и ног вверх', 'spina_act_3', 'Спина (активные)'),
(69, 'Подъем туловища вверх на шаре', 'spina_pass_1', 'Спина (пассивные)'),
(70, 'Подъем ног вверх на шаре', 'spina_pass_2', 'Спина (пассивные)'),
(71, 'Подъем туловища с поворотом вверх на шаре', 'spina_pass_3', 'Спина (пассивные)');

INSERT INTO "disorders" ("idDisorders", "Disorder_name", "Disorder_type") VALUES
(13, 'Положительный', 'Когнитивный статус'),
(14, 'Отрицательный', 'Когнитивный статус'),
(15, 'Уровень 1 по GMFCS', 'Поражение по шкале GMFCS '),
(16, 'Уровень 2 по GMFCS', 'Поражение по шкале GMFCS '),
(17, 'Уровень 3 по GMFCS', 'Поражение по шкале GMFCS '),
(18, 'Уровень 4 по GMFCS', 'Поражение по шкале GMFCS '),
(19, 'Уровень 5 по GMFCS', 'Поражение по шкале GMFCS '),
(20, 'Уровень 1 по MACS', 'Поражение по шкале MACS'),
(21, 'Уровень 2 по MACS', 'Поражение по шкале MACS'),
(22, 'Уровень 3 по MACS', 'Поражение по шкале MACS'),
(23, 'Уровень 4 по MACS', 'Поражение по шкале MACS'),
(24, 'Уровень 5 по MACS', 'Поражение по шкале MACS');

INSERT INTO "patient_disorders" ("patient_id", "disorder_id") VALUES
(46, 21);

INSERT INTO "disorder_videos" ("disorder_id", "videos_id") VALUES
(14, 15),
(18, 15),
(19, 15),
(23, 15),
(24, 15),
(14, 16),
(18, 16),
(19, 16),
(23, 16),
(24, 16),
(14, 17),
(18, 17),
(19, 17),
(23, 17),
(24, 17),
(14, 18),
(18, 18),
(19, 18),
(23, 18),
(24, 18),
(14, 19),
(18, 19),
(19, 19),
(23, 19),
(24, 19),
(14, 25),
(18, 25),
(19, 25),
(23, 25),
(24, 25),
(14, 26),
(18, 26),
(19, 26),
(23, 26),
(24, 26),
(14, 27),
(18, 27),
(19, 27),
(23, 27),
(24, 27),
(14, 28),
(18, 28),
(19, 28),
(23, 28),
(24, 28),
(14, 32),
(18, 32),
(19, 32),
(23, 32),
(24, 32),
(14, 33),
(18, 33),
(19, 33),
(23, 33),
(24, 33),
(14, 34),
(18, 34),
(19, 34),
(23, 34),
(24, 34),
(14, 35),
(18, 35),
(19, 35),
(23, 35),
(24, 35),
(14, 36),
(18, 36),
(19, 36),
(23, 36),
(24, 36),
(14, 37),
(18, 37),
(19, 37),
(23, 37),
(24, 37),
(14, 38),
(18, 38),
(19, 38),
(23, 38),
(24, 38),
(14, 44),
(18, 44),
(19, 44),
(23, 44),
(24, 44),
(14, 45),
(18, 45),
(19, 45),
(23, 45),
(24, 45),
(14, 46),
(18, 46),
(19, 46),
(23, 46),
(24, 46),
(14, 47),
(18, 47),
(19, 47),
(23, 47),
(24, 47),
(14, 52),
(18, 52),
(19, 52),
(23, 52),
(24, 52),
(14, 53),
(18, 53),
(19, 53),
(23, 53),
(24, 53),
(14, 54),
(18, 54),
(19, 54),
(23, 54),
(24, 54),
(14, 55),
(18, 55),
(19, 55),
(23, 55),
(24, 55),
(14, 60),
(18, 60),
(19, 60),
(23, 60),
(24, 60),
(14, 61),
(18, 61),
(19, 61),
(23, 61),
(24, 61),
(14, 62),
(18, 62),
(19, 62),
(23, 62),
(24, 62),
(14, 63),
(18, 63),
(19, 63),
(23, 63),
(24, 63),
(14, 66),
(18, 66),
(19, 66),
(23, 66),
(24, 66),
(14, 67),
(18, 67),
(19, 67),
(23, 67),
(24, 67),
(14, 68),
(18, 68),
(19, 68),
(23, 68),
(24, 68);

INSERT INTO "appointments" ("idAppointments", "Starttime", "Endtime", "Comments", "idPatients", "idvideos", "idDoctors", "kolvden", "dlitelnost", "sdelanovden", "sdelanovsego", "Lastsession", "done_percent", "CumulativeTimeSpent") VALUES
(327, '2024-03-27', '2024-03-29', NULL, 46, 63, 1, 1, '00:01:50', 0, 1, '2024-03-28 09:19:53', 0, 0),
(328, '2024-03-27', '2024-03-29', NULL, 46, 62, 1, 1, '00:01:50', 0, 1, '2024-03-28 09:21:44', 0, 0),
(329, '2024-03-27', '2024-03-29', NULL, 46, 61, 1, 1, '00:01:50', 0, 1, '2024-03-28 09:23:35', 0, 0),
(330, '2024-03-27', '2024-03-29', NULL, 46, 60, 1, 1, '00:01:50', 0, 0, '2024-03-27 07:42:55', 0, 0),
(331, '2024-03-27', '2024-03-29', NULL, 46, 26, 1, 1, '00:01:50', 0, 0, '2024-03-27 07:43:06', 0, 0),
(332, '2024-03-27', '2024-03-29', NULL, 46, 27, 1, 1, '00:01:50', 0, 0, '2024-03-27 07:43:06', 0, 0),
(333, '2024-03-27', '2024-03-29', NULL, 46, 28, 1, 1, '00:01:50', 0, 0, '2024-03-27 07:43:08', 0, 0),
(334, '2024-03-27', '2024-03-29', NULL, 46, 25, 1, 1, '00:01:50', 0, 0, '2024-03-27 07:43:08', 0, 0),
(335, '2024-03-30', '2024-03-31', NULL, 46, 44, 1, 1, '00:01:50', 0, 0, '2024-03-27 07:43:25', 0, 0),
(336, '2024-03-30', '2024-03-31', NULL, 46, 45, 1, 1, '00:01:50', 0, 0, '2024-03-27 07:43:26', 0, 0),
(337, '2024-03-30', '2024-03-31', NULL, 46, 46, 1, 1, '00:01:50', 0, 0, '2024-03-27 07:43:27', 0, 0),
(338, '2024-03-30', '2024-03-31', NULL, 46, 47, 1, 1, '00:01:50', 0, 0, '2024-03-27 07:43:27', 0, 0),
(339, '2024-04-02', '2024-04-07', NULL, 46, 59, 1, 1, '00:00:50', 0, 1, '2024-04-02 04:39:19', 25, 0),
(340, '2024-04-02', '2024-04-07', NULL, 46, 58, 1, 1, '00:00:50', 0, 1, '2024-04-02 07:39:14', 25, 0),
(341, '2024-04-02', '2024-04-07', NULL, 46, 57, 1, 1, '00:00:50', 0, 1, '2024-04-02 07:40:05', 25, 0),
(355, '2024-04-03', '2024-04-08', NULL, 48, 59, 1, 1, '00:01:50', 0, 0, '2024-04-03 03:11:04', 0, 0),
(356, '2024-04-03', '2024-04-08', NULL, 48, 58, 1, 1, '00:01:50', 0, 0, '2024-04-03 03:11:05', 0, 0),
(357, '2024-04-03', '2024-04-08', NULL, 48, 57, 1, 1, '00:01:50', 0, 0, '2024-04-03 03:11:06', 0, 0),
(358, '2024-04-12', '2024-04-17', NULL, 46, 63, 1, 1, '00:01:50', 0, 0, '2024-04-12 06:53:52', 0, 0),
(359, '2024-04-12', '2024-04-17', NULL, 46, 62, 1, 1, '00:01:50', 0, 0, '2024-04-12 06:53:53', 0, 0),
(360, '2024-04-12', '2024-04-17', NULL, 46, 61, 1, 1, '00:01:50', 0, 0, '2024-04-12 06:53:54', 0, 0),
(361, '2024-04-12', '2024-04-17', NULL, 46, 60, 1, 1, '00:01:50', 0, 0, '2024-04-12 06:53:55', 0, 0),
(362, '2024-06-14', '2024-06-19', NULL, 46, 63, 1, 1, '00:01:50', 0, 0, '2024-06-14 03:08:44', 0, 0),
(363, '2024-06-14', '2024-06-19', NULL, 46, 62, 1, 1, '00:01:50', 0, 0, '2024-06-14 03:08:45', 0, 0),
(364, '2024-06-14', '2024-06-19', NULL, 46, 61, 1, 1, '00:01:50', 0, 0, '2024-06-14 03:08:46', 0, 0),
(365, '2024-06-14', '2024-06-19', NULL, 46, 60, 1, 1, '00:01:50', 0, 0, '2024-06-14 03:08:46', 0, 0),
(366, '2024-06-14', '2024-06-19', NULL, 46, 26, 1, 1, '00:01:50', 0, 0, '2024-06-14 03:08:47', 0, 0),
(367, '2024-06-14', '2024-06-19', NULL, 46, 27, 1, 1, '00:01:50', 0, 0, '2024-06-14 03:08:48', 0, 0),
(368, '2024-06-14', '2024-06-19', NULL, 46, 28, 1, 1, '00:01:50', 0, 0, '2024-06-14 03:08:48', 0, 0),
(369, '2024-06-14', '2024-06-19', NULL, 46, 25, 1, 1, '00:01:50', 0, 0, '2024-06-14 03:08:49', 0, 0),
(370, '2024-07-10', '2024-07-15', NULL, 46, 63, 1, 1, '00:01:50', 0, 1, '2024-07-10 04:17:21', 25, 0),
(371, '2024-07-10', '2024-07-15', NULL, 46, 62, 1, 1, '00:01:50', 0, 0, '2024-07-10 04:07:52', 0, 0),
(372, '2024-07-10', '2024-07-15', NULL, 46, 61, 1, 1, '00:01:50', 0, 0, '2024-07-10 04:07:53', 0, 0),
(373, '2024-07-10', '2024-07-15', NULL, 46, 60, 1, 1, '00:01:50', 0, 0, '2024-07-10 04:07:53', 0, 0),
(374, '2024-07-10', '2024-07-15', NULL, 46, 52, 1, 1, '00:01:50', 0, 0, '2024-07-10 04:07:54', 0, 0),
(375, '2024-07-10', '2024-07-15', NULL, 46, 53, 1, 1, '00:01:50', 0, 0, '2024-07-10 04:07:54', 0, 0),
(376, '2024-07-10', '2024-07-15', NULL, 46, 54, 1, 1, '00:01:50', 0, 0, '2024-07-10 04:07:55', 0, 0),
(377, '2024-07-10', '2024-07-15', NULL, 46, 55, 1, 1, '00:01:50', 0, 0, '2024-07-10 04:07:56', 0, 0),
(378, '2024-09-10', '2024-09-15', NULL, 49, 63, 1, 1, '00:01:50', 0, 1, '2024-09-11 02:36:37', 25, 0),
(379, '2024-09-10', '2024-09-15', NULL, 49, 62, 1, 1, '00:01:50', 0, 1, '2024-09-11 02:38:28', 25, 0),
(380, '2024-09-10', '2024-09-15', NULL, 49, 61, 1, 1, '00:01:50', 0, 1, '2024-09-11 02:40:19', 25, 0),
(381, '2024-09-10', '2024-09-15', NULL, 49, 60, 1, 1, '00:01:50', 0, 1, '2024-09-11 02:42:11', 25, 0),
(382, '2024-09-10', '2024-09-15', NULL, 49, 52, 1, 1, '00:01:50', 0, 1, '2024-09-11 02:44:02', 25, 0),
(383, '2024-09-10', '2024-09-15', NULL, 49, 53, 1, 1, '00:01:50', 0, 1, '2024-09-11 02:45:54', 25, 0),
(384, '2024-09-10', '2024-09-15', NULL, 49, 54, 1, 1, '00:01:50', 0, 1, '2024-09-11 02:47:45', 25, 0),
(385, '2024-09-10', '2024-09-15', NULL, 49, 55, 1, 1, '00:01:50', 0, 1, '2024-09-11 02:49:39', 25, 0),
(386, '2024-09-10', '2024-09-15', NULL, 49, 68, 1, 1, '00:01:50', 0, 1, '2024-09-11 02:51:31', 25, 0),
(387, '2024-09-10', '2024-09-15', NULL, 49, 67, 1, 1, '00:01:50', 0, 1, '2024-09-11 02:53:22', 25, 0),
(388, '2024-09-10', '2024-09-15', NULL, 49, 66, 1, 1, '00:01:50', 0, 1, '2024-09-11 02:55:13', 25, 0),
(389, '2024-09-10', '2024-09-15', NULL, 49, 44, 1, 1, '00:01:50', 0, 1, '2024-09-11 02:57:05', 25, 0),
(390, '2024-09-10', '2024-09-15', NULL, 49, 45, 1, 1, '00:01:50', 0, 1, '2024-09-11 02:58:56', 25, 0),
(391, '2024-09-10', '2024-09-15', NULL, 49, 46, 1, 1, '00:01:50', 0, 1, '2024-09-11 03:00:47', 25, 0),
(392, '2024-09-10', '2024-09-15', NULL, 49, 47, 1, 1, '00:01:50', 0, 1, '2024-09-11 03:02:39', 25, 0);

INSERT INTO "appointments" ("idAppointments", "Starttime", "Endtime", "Comments", "idPatients", "idvideos", "idDoctors", "kolvden", "dlitelnost", "sdelanovden", "sdelanovsego", "Lastsession", "done_percent", "CumulativeTimeSpent") VALUES
(393, '2024-09-12', '2024-09-19', NULL, 46, 63, 1, 2, '00:01:50', 0, 2, '2024-09-13 00:56:31', 17, 0),
(394, '2024-09-12', '2024-09-19', NULL, 46, 62, 1, 2, '00:01:50', 0, 0, '2024-09-12 07:39:40', 0, 0),
(395, '2024-09-12', '2024-09-19', NULL, 46, 61, 1, 2, '00:01:50', 0, 0, '2024-09-12 07:39:42', 0, 0),
(396, '2024-09-12', '2024-09-19', NULL, 46, 60, 1, 2, '00:01:50', 0, 0, '2024-09-12 07:39:42', 0, 0),
(397, '2024-09-12', '2024-09-19', NULL, 46, 29, 1, 2, '00:01:50', 0, 0, '2024-09-12 07:39:43', 0, 0),
(398, '2024-09-12', '2024-09-19', NULL, 46, 30, 1, 2, '00:01:50', 0, 1, '2024-09-13 09:28:10', 8, 0),
(399, '2024-09-12', '2024-09-19', NULL, 46, 31, 1, 2, '00:01:50', 0, 0, '2024-09-12 07:39:44', 0, 0),
(411, '2024-10-03', '2024-10-13', NULL, 46, 51, 1, 1, '00:01:50', 0, 3, '2024-10-13 14:18:00', 11, 0),
(412, '2024-10-03', '2024-10-13', NULL, 46, 50, 1, 1, '00:01:50', 0, 2, '2024-10-13 14:32:30', 11, 0),
(413, '2024-10-03', '2024-10-13', NULL, 46, 49, 1, 1, '00:01:50', 0, 2, '2024-10-13 14:48:30', 11, 0),
(414, '2024-10-03', '2024-10-13', NULL, 46, 48, 1, 1, '00:01:50', 0, 1, '2024-10-13 14:34:20', 0, 0),
(415, '2024-10-11', '2024-10-16', NULL, 52, 63, 1, 1, '00:01:50', 0, 1, '2024-10-11 02:16:48', 25, 0),
(416, '2024-10-11', '2024-10-16', NULL, 52, 62, 1, 1, '00:01:50', 0, 1, '2024-10-11 02:18:39', 25, 0),
(417, '2024-10-11', '2024-10-16', NULL, 52, 61, 1, 1, '00:01:50', 0, 1, '2024-10-11 02:20:30', 25, 0),
(418, '2024-10-11', '2024-10-16', NULL, 52, 60, 1, 1, '00:01:50', 0, 1, '2024-10-11 02:22:21', 25, 0),
(419, '2024-10-11', '2024-10-16', NULL, 52, 52, 1, 1, '00:01:50', 0, 1, '2024-10-11 02:24:13', 25, 0),
(420, '2024-10-11', '2024-10-16', NULL, 52, 53, 1, 1, '00:01:50', 0, 1, '2024-10-11 02:26:04', 25, 0),
(421, '2024-10-11', '2024-10-16', NULL, 52, 54, 1, 1, '00:01:50', 0, 1, '2024-10-11 02:27:56', 25, 0),
(422, '2024-10-11', '2024-10-16', NULL, 52, 55, 1, 1, '00:01:50', 0, 1, '2024-10-11 02:29:47', 25, 0),
(423, '2024-10-13', '2024-10-31', NULL, 46, 26, 1, 1, '00:03:50', 0, 2, '2024-10-21 07:18:15', 12, 0),
(424, '2024-10-13', '2024-10-31', NULL, 46, 27, 1, 1, '00:03:50', 0, 1, '2024-10-21 16:32:31', 6, 0),
(425, '2024-10-13', '2024-10-31', NULL, 46, 28, 1, 1, '00:03:50', 0, 0, '2024-10-13 14:46:08', 0, 0),
(426, '2024-10-13', '2024-10-31', NULL, 46, 25, 1, 1, '00:03:50', 0, 0, '2024-10-13 14:46:10', 0, 0),
(427, '2024-10-30', '2024-11-04', NULL, 52, 63, 1, 1, '00:01:50', 0, 0, '2024-10-30 02:32:25', 0, 0),
(428, '2024-10-30', '2024-11-04', NULL, 52, 62, 1, 1, '00:01:50', 0, 0, '2024-10-30 02:32:26', 0, 0),
(429, '2024-10-30', '2024-11-04', NULL, 52, 61, 1, 1, '00:01:50', 0, 0, '2024-10-30 02:32:27', 0, 0),
(430, '2024-10-30', '2024-11-04', NULL, 52, 60, 1, 1, '00:01:50', 0, 0, '2024-10-30 02:32:28', 0, 0),
(431, '2024-10-30', '2024-11-04', NULL, 52, 65, 1, 1, '00:01:50', 0, 0, '2024-10-30 02:32:28', 0, 0),
(432, '2024-10-30', '2024-11-04', NULL, 52, 64, 1, 1, '00:01:50', 0, 0, '2024-10-30 02:32:29', 0, 0),
(433, '2024-10-30', '2024-11-04', NULL, 52, 52, 1, 1, '00:01:50', 0, 0, '2024-10-30 02:32:29', 0, 0),
(434, '2024-10-30', '2024-11-04', NULL, 52, 53, 1, 1, '00:01:50', 0, 0, '2024-10-30 02:32:30', 0, 0),
(435, '2024-10-30', '2024-11-04', NULL, 52, 54, 1, 1, '00:01:50', 0, 0, '2024-10-30 02:32:31', 0, 0),
(436, '2024-10-30', '2024-11-04', NULL, 52, 55, 1, 1, '00:01:50', 0, 0, '2024-10-30 02:32:31', 0, 0),
(437, '2024-10-30', '2024-11-04', NULL, 52, 59, 1, 1, '00:01:50', 0, 0, '2024-10-30 02:32:32', 0, 0),
(438, '2024-10-30', '2024-11-04', NULL, 52, 58, 1, 1, '00:01:50', 0, 0, '2024-10-30 02:32:32', 0, 0),
(439, '2024-10-30', '2024-11-04', NULL, 52, 57, 1, 1, '00:01:50', 0, 0, '2024-10-30 02:32:33', 0, 0),
(440, '2024-10-30', '2024-11-04', NULL, 52, 26, 1, 1, '00:01:50', 0, 0, '2024-10-30 02:32:33', 0, 0),
(441, '2024-10-30', '2024-11-04', NULL, 52, 27, 1, 1, '00:01:50', 0, 0, '2024-10-30 02:32:34', 0, 0),
(442, '2024-10-30', '2024-11-04', NULL, 52, 28, 1, 1, '00:01:50', 0, 0, '2024-10-30 02:32:34', 0, 0),
(443, '2024-10-30', '2024-11-04', NULL, 52, 25, 1, 1, '00:01:50', 0, 0, '2024-10-30 02:32:35', 0, 0);

INSERT INTO "appointments" ("idAppointments", "Starttime", "Endtime", "Comments", "idPatients", "idvideos", "idDoctors", "kolvden", "dlitelnost", "sdelanovden", "sdelanovsego", "Lastsession", "done_percent", "CumulativeTimeSpent") VALUES
(491, '2024-12-09', '2024-12-14', NULL, 48, 26, 1, 1, '00:01:50', 0, 1, '2024-12-09 03:01:00', 25, 0),
(492, '2024-12-09', '2024-12-14', NULL, 48, 27, 1, 1, '00:01:50', 0, 1, '2024-12-09 03:02:51', 25, 0),
(493, '2024-12-09', '2024-12-14', NULL, 48, 28, 1, 1, '00:01:50', 0, 1, '2024-12-09 03:04:42', 25, 0),
(494, '2024-12-09', '2024-12-14', NULL, 48, 25, 1, 1, '00:01:50', 0, 1, '2024-12-09 03:06:33', 25, 0),
(495, '2024-12-09', '2024-12-14', NULL, 48, 36, 1, 1, '00:01:50', 0, 1, '2024-12-09 03:08:24', 25, 0),
(496, '2024-12-09', '2024-12-14', NULL, 48, 38, 1, 1, '00:01:50', 0, 1, '2024-12-09 03:10:15', 25, 0),
(497, '2024-12-09', '2024-12-14', NULL, 48, 37, 1, 1, '00:01:50', 0, 1, '2024-12-09 03:12:06', 25, 0),
(498, '2024-12-09', '2024-12-14', NULL, 48, 35, 1, 1, '00:01:50', 0, 1, '2024-12-09 03:13:57', 25, 0),
(499, '2024-12-09', '2024-12-14', NULL, 48, 34, 1, 1, '00:01:50', 0, 1, '2024-12-09 03:15:49', 25, 0),
(500, '2024-12-09', '2024-12-14', NULL, 48, 33, 1, 1, '00:01:50', 0, 1, '2024-12-09 03:17:40', 25, 0),
(501, '2024-12-09', '2024-12-14', NULL, 48, 32, 1, 1, '00:01:50', 0, 1, '2024-12-09 03:19:31', 25, 0),
(502, '2024-12-09', '2024-12-14', NULL, 48, 16, 1, 1, '00:01:50', 0, 1, '2024-12-09 03:21:22', 25, 0),
(503, '2024-12-09', '2024-12-14', NULL, 48, 15, 1, 1, '00:01:50', 0, 1, '2024-12-09 03:23:13', 25, 0),
(504, '2024-12-09', '2024-12-14', NULL, 48, 17, 1, 1, '00:01:50', 0, 1, '2024-12-09 03:25:04', 25, 0),
(505, '2024-12-09', '2024-12-14', NULL, 48, 19, 1, 1, '00:01:50', 0, 1, '2024-12-09 03:26:55', 25, 0),
(506, '2024-12-09', '2024-12-14', NULL, 48, 18, 1, 1, '00:01:50', 0, 1, '2024-12-09 03:28:46', 25, 0),
(507, '2024-12-09', '2024-12-14', NULL, 48, 68, 1, 1, '00:01:50', 0, 1, '2024-12-09 03:30:37', 25, 0),
(508, '2024-12-09', '2024-12-14', NULL, 48, 67, 1, 1, '00:01:50', 0, 1, '2024-12-09 03:32:28', 25, 0),
(509, '2024-12-09', '2024-12-14', NULL, 48, 66, 1, 1, '00:01:50', 0, 1, '2024-12-09 03:34:19', 25, 0),
(510, '2024-12-25', '2024-12-30', NULL, 48, 63, 1, 1, '00:01:50', 0, 1, '2024-12-25 03:31:23', 25, 0),
(511, '2024-12-25', '2024-12-30', NULL, 48, 62, 1, 1, '00:01:50', 0, 0, '2024-12-25 03:28:17', 0, 0),
(512, '2024-12-25', '2024-12-30', NULL, 48, 61, 1, 1, '00:01:50', 0, 0, '2024-12-25 03:28:18', 0, 0),
(513, '2024-12-25', '2024-12-30', NULL, 48, 60, 1, 1, '00:01:50', 0, 0, '2024-12-25 03:28:18', 0, 0),
(514, '2024-12-25', '2024-12-30', NULL, 48, 52, 1, 1, '00:01:50', 0, 0, '2024-12-25 03:28:19', 0, 0),
(515, '2024-12-25', '2024-12-30', NULL, 48, 53, 1, 1, '00:01:50', 0, 0, '2024-12-25 03:28:19', 0, 0),
(516, '2024-12-25', '2024-12-30', NULL, 48, 54, 1, 1, '00:01:50', 0, 0, '2024-12-25 03:28:20', 0, 0),
(517, '2024-12-25', '2024-12-30', NULL, 48, 55, 1, 1, '00:01:50', 0, 0, '2024-12-25 03:28:21', 0, 0),
(518, '2024-12-25', '2024-12-30', NULL, 48, 26, 1, 1, '00:01:50', 0, 0, '2024-12-25 03:28:21', 0, 0),
(519, '2024-12-25', '2024-12-30', NULL, 48, 27, 1, 1, '00:01:50', 0, 0, '2024-12-25 03:28:22', 0, 0),
(520, '2024-12-25', '2024-12-30', NULL, 48, 28, 1, 1, '00:01:50', 0, 0, '2024-12-25 03:28:22', 0, 0),
(521, '2024-12-25', '2024-12-30', NULL, 48, 25, 1, 1, '00:01:50', 0, 0, '2024-12-25 03:28:23', 0, 0),
(522, '2024-12-25', '2024-12-30', NULL, 48, 29, 1, 1, '00:01:50', 0, 0, '2024-12-25 03:32:27', 0, 0),
(523, '2024-12-25', '2024-12-30', NULL, 48, 30, 1, 1, '00:01:50', 0, 0, '2024-12-25 03:32:27', 0, 0),
(524, '2024-12-25', '2024-12-30', NULL, 48, 31, 1, 1, '00:01:50', 0, 0, '2024-12-25 03:32:28', 0, 0),
(525, '2024-12-25', '2024-12-30', NULL, 46, 29, 1, 1, '00:01:50', 0, 0, '2024-12-25 03:33:32', 0, 0),
(526, '2024-12-25', '2024-12-30', NULL, 46, 30, 1, 1, '00:01:50', 0, 0, '2024-12-25 03:33:33', 0, 0),
(527, '2024-12-25', '2024-12-30', NULL, 46, 31, 1, 1, '00:01:50', 0, 0, '2024-12-25 03:33:33', 0, 0),
(528, '2025-01-17', '2025-01-22', NULL, 48, 63, 1, 1, '00:01:50', 0, 0, '2025-01-17 03:22:42', 0, 0),
(529, '2025-01-17', '2025-01-22', NULL, 48, 62, 1, 1, '00:01:50', 0, 0, '2025-01-17 03:22:43', 0, 0),
(530, '2025-01-17', '2025-01-22', NULL, 48, 61, 1, 1, '00:01:50', 0, 0, '2025-01-17 03:22:44', 0, 0),
(531, '2025-01-17', '2025-01-22', NULL, 48, 60, 1, 1, '00:01:50', 0, 0, '2025-01-17 03:22:44', 0, 0),
(532, '2025-01-17', '2025-01-22', NULL, 48, 52, 1, 1, '00:01:50', 0, 0, '2025-01-17 03:22:45', 0, 0),
(533, '2025-01-17', '2025-01-22', NULL, 48, 53, 1, 1, '00:01:50', 0, 0, '2025-01-17 03:22:45', 0, 0),
(534, '2025-01-17', '2025-01-22', NULL, 48, 54, 1, 1, '00:01:50', 0, 0, '2025-01-17 03:22:46', 0, 0),
(535, '2025-01-17', '2025-01-22', NULL, 48, 55, 1, 1, '00:01:50', 0, 0, '2025-01-17 03:22:47', 0, 0);

INSERT INTO "appointments" ("idAppointments", "Starttime", "Endtime", "Comments", "idPatients", "idvideos", "idDoctors", "kolvden", "dlitelnost", "sdelanovden", "sdelanovsego", "Lastsession", "done_percent", "CumulativeTimeSpent") VALUES
(536, '2025-01-30', '2025-02-04', NULL, 48, 63, 1, 1, '00:01:50', 0, 0, '2025-01-30 04:36:29', 0, 0),
(537, '2025-01-30', '2025-02-04', NULL, 48, 62, 1, 1, '00:01:50', 0, 0, '2025-01-30 04:36:30', 0, 0),
(538, '2025-01-30', '2025-02-04', NULL, 48, 61, 1, 1, '00:01:50', 0, 0, '2025-01-30 04:36:31', 0, 0),
(539, '2025-01-30', '2025-02-04', NULL, 48, 60, 1, 1, '00:01:50', 0, 0, '2025-01-30 04:36:32', 0, 0),
(540, '2025-01-30', '2025-02-04', NULL, 48, 26, 1, 1, '00:01:50', 0, 0, '2025-01-30 04:36:32', 0, 0),
(541, '2025-01-30', '2025-02-04', NULL, 48, 27, 1, 1, '00:01:50', 0, 0, '2025-01-30 04:36:33', 0, 0),
(542, '2025-01-30', '2025-02-04', NULL, 48, 28, 1, 1, '00:01:50', 0, 0, '2025-01-30 04:36:34', 0, 0),
(543, '2025-01-30', '2025-02-04', NULL, 48, 25, 1, 1, '00:01:50', 0, 0, '2025-01-30 04:36:34', 0, 0),
(544, '2025-02-10', '2025-02-15', NULL, 48, 59, 1, 1, '00:01:50', 0, 0, '2025-02-10 01:40:49', 0, 0),
(545, '2025-02-10', '2025-02-15', NULL, 48, 58, 1, 1, '00:01:50', 0, 0, '2025-02-10 01:40:50', 0, 0),
(546, '2025-02-10', '2025-02-15', NULL, 48, 57, 1, 1, '00:01:50', 0, 0, '2025-02-10 01:40:50', 0, 0),
(547, '2025-02-10', '2025-02-15', NULL, 48, 36, 1, 1, '00:01:50', 0, 0, '2025-02-10 01:41:13', 0, 0),
(548, '2025-02-10', '2025-02-15', NULL, 48, 38, 1, 1, '00:01:50', 0, 0, '2025-02-10 01:41:14', 0, 0),
(549, '2025-02-10', '2025-02-15', NULL, 48, 37, 1, 1, '00:01:50', 0, 0, '2025-02-10 01:41:14', 0, 0),
(550, '2025-02-10', '2025-02-15', NULL, 48, 35, 1, 1, '00:01:50', 0, 0, '2025-02-10 01:41:15', 0, 0),
(551, '2025-02-10', '2025-02-15', NULL, 48, 34, 1, 1, '00:01:50', 0, 0, '2025-02-10 01:41:16', 0, 0),
(552, '2025-02-10', '2025-02-15', NULL, 48, 33, 1, 1, '00:01:50', 0, 0, '2025-02-10 01:41:16', 0, 0),
(553, '2025-02-10', '2025-02-15', NULL, 48, 32, 1, 1, '00:01:50', 0, 0, '2025-02-10 01:41:17', 0, 0),
(554, '2025-02-10', '2025-02-15', NULL, 48, 71, 1, 1, '00:01:50', 0, 0, '2025-02-10 01:41:23', 0, 0),
(555, '2025-02-10', '2025-02-15', NULL, 48, 70, 1, 1, '00:01:50', 0, 0, '2025-02-10 01:41:23', 0, 0),
(556, '2025-02-10', '2025-02-15', NULL, 48, 69, 1, 1, '00:01:50', 0, 0, '2025-02-10 01:41:24', 0, 0),
(557, '2025-02-28', '2025-03-05', NULL, 46, 52, 1, 1, '00:01:50', 0, 0, '2025-02-28 03:08:46', 0, 0),
(558, '2025-02-28', '2025-03-05', NULL, 46, 53, 1, 1, '00:01:50', 0, 0, '2025-02-28 03:08:47', 0, 0),
(559, '2025-02-28', '2025-03-05', NULL, 46, 54, 1, 1, '00:01:50', 0, 0, '2025-02-28 03:08:48', 0, 0),
(560, '2025-02-28', '2025-03-05', NULL, 46, 55, 1, 1, '00:01:50', 0, 0, '2025-02-28 03:08:49', 0, 0),
(561, '2025-02-28', '2025-03-05', NULL, 46, 59, 1, 1, '00:01:50', 0, 0, '2025-02-28 03:08:49', 0, 0),
(562, '2025-02-28', '2025-03-05', NULL, 46, 58, 1, 1, '00:01:50', 0, 0, '2025-02-28 03:08:50', 0, 0),
(563, '2025-02-28', '2025-03-05', NULL, 46, 57, 1, 1, '00:01:50', 0, 0, '2025-02-28 03:08:51', 0, 0),
(564, '2025-02-28', '2025-03-05', NULL, 48, 65, 1, 1, '00:01:50', 0, 0, '2025-02-28 03:09:00', 0, 0),
(565, '2025-02-28', '2025-03-05', NULL, 48, 64, 1, 1, '00:01:50', 0, 0, '2025-02-28 03:09:01', 0, 0),
(566, '2025-02-28', '2025-03-05', NULL, 48, 29, 1, 1, '00:01:50', 0, 0, '2025-02-28 03:09:02', 0, 0),
(567, '2025-02-28', '2025-03-05', NULL, 48, 30, 1, 1, '00:01:50', 0, 0, '2025-02-28 03:09:02', 0, 0),
(568, '2025-02-28', '2025-03-05', NULL, 48, 31, 1, 1, '00:01:50', 0, 0, '2025-02-28 03:09:03', 0, 0),
(569, '2025-03-21', '2025-03-29', NULL, 48, 63, 1, 1, '00:01:50', 0, 0, '2025-03-21 02:08:43', 0, 0),
(570, '2025-03-21', '2025-03-29', NULL, 48, 62, 1, 1, '00:01:50', 0, 0, '2025-03-21 02:08:43', 0, 0),
(571, '2025-03-21', '2025-03-29', NULL, 48, 61, 1, 1, '00:01:50', 0, 0, '2025-03-21 02:08:44', 0, 0),
(572, '2025-03-21', '2025-03-29', NULL, 48, 60, 1, 1, '00:01:50', 0, 0, '2025-03-21 02:08:45', 0, 0),
(573, '2025-03-21', '2025-03-29', NULL, 48, 65, 1, 1, '00:01:50', 0, 0, '2025-03-21 02:08:45', 0, 0),
(574, '2025-03-21', '2025-03-29', NULL, 48, 64, 1, 1, '00:01:50', 0, 0, '2025-03-21 02:08:46', 0, 0),
(575, '2025-03-21', '2025-03-29', NULL, 48, 26, 1, 1, '00:01:50', 0, 0, '2025-03-21 02:08:47', 0, 0),
(576, '2025-03-21', '2025-03-29', NULL, 48, 27, 1, 1, '00:01:50', 0, 0, '2025-03-21 02:08:47', 0, 0),
(577, '2025-03-21', '2025-03-29', NULL, 48, 28, 1, 1, '00:01:50', 0, 0, '2025-03-21 02:08:48', 0, 0),
(578, '2025-03-21', '2025-03-29', NULL, 48, 25, 1, 1, '00:01:50', 0, 0, '2025-03-21 02:08:48', 0, 0),
(579, '2025-06-24', '2025-06-29', NULL, 57, 63, 1, 1, '00:01:50', 0, 0, '2025-06-24 05:47:21', 0, 0),
(580, '2025-06-24', '2025-06-29', NULL, 57, 62, 1, 1, '00:01:50', 0, 0, '2025-06-24 05:47:23', 0, 0),
(581, '2025-06-24', '2025-06-29', NULL, 57, 61, 1, 1, '00:01:50', 0, 0, '2025-06-24 05:47:24', 0, 0),
(582, '2025-06-24', '2025-06-29', NULL, 57, 60, 1, 1, '00:01:50', 0, 0, '2025-06-24 05:47:26', 0, 0),
(583, '2025-06-24', '2025-06-29', NULL, 57, 65, 1, 1, '00:01:50', 0, 0, '2025-06-24 05:47:27', 0, 0),
(584, '2025-06-24', '2025-06-29', NULL, 57, 64, 1, 1, '00:01:50', 0, 0, '2025-06-24 05:47:28', 0, 0),
(585, '2025-06-24', '2025-06-29', NULL, 57, 52, 1, 1, '00:01:50', 0, 0, '2025-06-24 05:47:29', 0, 0),
(586, '2025-06-24', '2025-06-29', NULL, 57, 53, 1, 1, '00:01:50', 0, 0, '2025-06-24 05:47:31', 0, 0),
(587, '2025-06-24', '2025-06-29', NULL, 57, 54, 1, 1, '00:01:50', 0, 0, '2025-06-24 05:47:32', 0, 0),
(588, '2025-06-24', '2025-06-29', NULL, 57, 55, 1, 1, '00:01:50', 0, 0, '2025-06-24 05:47:33', 0, 0),
(589, '2025-06-24', '2025-06-29', NULL, 57, 59, 1, 1, '00:01:50', 0, 0, '2025-06-24 05:47:34', 0, 0),
(590, '2025-06-24', '2025-06-29', NULL, 57, 58, 1, 1, '00:01:50', 0, 0, '2025-06-24 05:47:35', 0, 0),
(591, '2025-06-24', '2025-06-29', NULL, 57, 57, 1, 1, '00:01:50', 0, 0, '2025-06-24 05:47:36', 0, 0),
(592, '2025-07-02', '2025-07-07', NULL, 46, 63, 1, 1, '00:01:50', 0, 0, '2025-07-02 02:39:17', 0, 0),
(593, '2025-07-02', '2025-07-07', NULL, 46, 62, 1, 1, '00:01:50', 0, 0, '2025-07-02 02:39:20', 0, 0),
(594, '2025-07-02', '2025-07-07', NULL, 46, 61, 1, 1, '00:01:50', 0, 0, '2025-07-02 02:39:21', 0, 0),
(595, '2025-07-02', '2025-07-07', NULL, 46, 60, 1, 1, '00:01:50', 0, 0, '2025-07-02 02:39:23', 0, 0),
(596, '2025-07-02', '2025-07-07', NULL, 46, 62, 1, 1, '00:01:50', 0, 0, '2025-07-02 02:40:49', 0, 0),
(597, '2025-07-02', '2025-07-07', NULL, 46, 60, 1, 1, '00:01:50', 0, 0, '2025-07-02 02:40:59', 0, 0),
(598, '2025-07-02', '2025-07-07', NULL, 58, 63, 1, 1, '00:01:50', 0, 0, '2025-07-02 02:55:27', 0, 0),
(599, '2025-07-02', '2025-07-07', NULL, 58, 62, 1, 1, '00:01:50', 0, 0, '2025-07-02 02:55:30', 0, 0),
(600, '2025-07-02', '2025-07-07', NULL, 58, 61, 1, 1, '00:01:50', 0, 0, '2025-07-02 02:55:34', 0, 0),
(601, '2025-07-02', '2025-07-07', NULL, 58, 60, 1, 1, '00:01:50', 0, 0, '2025-07-02 02:55:36', 0, 0),
(602, '2025-07-02', '2025-07-07', NULL, 58, 63, 1, 1, '00:01:50', 0, 0, '2025-07-02 02:56:29', 0, 0),
(603, '2025-07-02', '2025-07-07', NULL, 58, 62, 1, 1, '00:01:50', 0, 0, '2025-07-02 02:56:32', 0, 0),
(604, '2025-07-02', '2025-07-07', NULL, 58, 61, 1, 1, '00:01:50', 0, 0, '2025-07-02 02:56:34', 0, 0),
(605, '2025-07-02', '2025-07-07', NULL, 58, 60, 1, 1, '00:01:50', 0, 0, '2025-07-02 02:56:37', 0, 0),
(606, '2025-07-02', '2025-07-07', NULL, 58, 65, 1, 1, '00:01:50', 0, 0, '2025-07-02 02:56:38', 0, 0),
(607, '2025-07-02', '2025-07-07', NULL, 58, 64, 1, 1, '00:01:50', 0, 0, '2025-07-02 02:56:39', 0, 0),
(608, '2025-07-02', '2025-07-07', NULL, 58, 52, 1, 1, '00:01:50', 0, 0, '2025-07-02 02:56:41', 0, 0),
(609, '2025-07-02', '2025-07-07', NULL, 58, 53, 1, 1, '00:01:50', 0, 0, '2025-07-02 02:56:42', 0, 0),
(610, '2025-07-02', '2025-07-07', NULL, 58, 54, 1, 1, '00:01:50', 0, 0, '2025-07-02 02:56:43', 0, 0),
(611, '2025-07-02', '2025-07-07', NULL, 58, 55, 1, 1, '00:01:50', 0, 0, '2025-07-02 02:56:44', 0, 0),
(612, '2025-07-02', '2025-07-07', NULL, 58, 59, 1, 1, '00:01:50', 0, 0, '2025-07-02 02:56:46', 0, 0),
(613, '2025-07-02', '2025-07-07', NULL, 58, 58, 1, 1, '00:01:50', 0, 0, '2025-07-02 02:56:47', 0, 0),
(614, '2025-07-02', '2025-07-07', NULL, 58, 57, 1, 1, '00:01:50', 0, 0, '2025-07-02 02:56:48', 0, 0),
(615, '2025-07-02', '2025-07-07', NULL, 58, 26, 1, 1, '00:01:50', 0, 0, '2025-07-02 02:56:49', 0, 0),
(616, '2025-07-02', '2025-07-07', NULL, 58, 27, 1, 1, '00:01:50', 0, 0, '2025-07-02 02:56:50', 0, 0),
(617, '2025-07-02', '2025-07-07', NULL, 58, 28, 1, 1, '00:01:50', 0, 0, '2025-07-02 02:56:52', 0, 0),
(618, '2025-07-02', '2025-07-07', NULL, 58, 25, 1, 1, '00:01:50', 0, 0, '2025-07-02 02:56:53', 0, 0),
(619, '2025-07-02', '2025-07-07', NULL, 58, 29, 1, 1, '00:01:50', 0, 0, '2025-07-02 02:56:55', 0, 0),
(620, '2025-07-02', '2025-07-07', NULL, 58, 30, 1, 1, '00:01:50', 0, 0, '2025-07-02 02:56:56', 0, 0),
(621, '2025-07-02', '2025-07-07', NULL, 58, 31, 1, 1, '00:01:50', 0, 0, '2025-07-02 02:56:57', 0, 0),
(628, '2025-09-10', '2025-09-15', NULL, 63, 63, 1, 1, '00:01:50', 0, 0, '2025-09-10 03:35:33', 0, 0),
(629, '2025-09-10', '2025-09-15', NULL, 63, 62, 1, 1, '00:01:50', 0, 0, '2025-09-10 03:35:34', 0, 0),
(630, '2025-09-10', '2025-09-15', NULL, 63, 61, 1, 1, '00:01:50', 0, 0, '2025-09-10 03:35:34', 0, 0),
(631, '2025-09-10', '2025-09-15', NULL, 63, 60, 1, 1, '00:01:50', 0, 0, '2025-09-10 03:35:35', 0, 0),
(632, '2025-09-10', '2025-09-15', NULL, 63, 52, 1, 1, '00:01:50', 0, 0, '2025-09-10 03:35:36', 0, 0),
(633, '2025-09-10', '2025-09-15', NULL, 63, 53, 1, 1, '00:01:50', 0, 0, '2025-09-10 03:35:37', 0, 0),
(634, '2025-09-10', '2025-09-15', NULL, 63, 54, 1, 1, '00:01:50', 0, 0, '2025-09-10 03:35:37', 0, 0),
(635, '2025-09-10', '2025-09-15', NULL, 63, 55, 1, 1, '00:01:50', 0, 0, '2025-09-10 03:35:38', 0, 0),
(636, '2025-09-10', '2025-09-15', NULL, 63, 26, 1, 1, '00:01:50', 0, 0, '2025-09-10 03:35:39', 0, 0),
(637, '2025-09-10', '2025-09-15', NULL, 63, 27, 1, 1, '00:01:50', 0, 0, '2025-09-10 03:35:40', 0, 0),
(638, '2025-09-10', '2025-09-15', NULL, 63, 28, 1, 1, '00:01:50', 0, 0, '2025-09-10 03:35:40', 0, 0),
(639, '2025-09-10', '2025-09-15', NULL, 63, 25, 1, 1, '00:01:50', 0, 0, '2025-09-10 03:35:41', 0, 0),
(640, '2025-09-10', '2025-09-15', NULL, 63, 36, 1, 1, '00:01:50', 0, 0, '2025-09-10 03:35:42', 0, 0),
(641, '2025-09-10', '2025-09-15', NULL, 63, 38, 1, 1, '00:01:50', 0, 0, '2025-09-10 03:35:43', 0, 0),
(642, '2025-09-10', '2025-09-15', NULL, 63, 37, 1, 1, '00:01:50', 0, 0, '2025-09-10 03:35:43', 0, 0),
(643, '2025-09-10', '2025-09-15', NULL, 63, 35, 1, 1, '00:01:50', 0, 0, '2025-09-10 03:35:46', 0, 0),
(644, '2025-09-10', '2025-09-15', NULL, 63, 34, 1, 1, '00:01:50', 0, 0, '2025-09-10 03:35:49', 0, 0),
(645, '2025-09-10', '2025-09-15', NULL, 63, 33, 1, 1, '00:01:50', 0, 0, '2025-09-10 03:35:49', 0, 0),
(646, '2025-09-10', '2025-09-15', NULL, 63, 32, 1, 1, '00:01:50', 0, 0, '2025-09-10 03:35:51', 0, 0);

CREATE OR REPLACE FUNCTION reset_field_event() RETURNS void LANGUAGE plpgsql AS $$
BEGIN
    UPDATE "appointments" SET "sdelanovden" = 0;
    UPDATE "appointments" SET "CumulativeTimeSpent" = 0;
END;
$$;

CREATE OR REPLACE FUNCTION update_done_percent_event() RETURNS void LANGUAGE plpgsql AS $$
BEGIN
    UPDATE "appointments"
    SET "done_percent" = CASE
        WHEN ((CURRENT_DATE - "Starttime") * "kolvden") > 0 THEN
            ("sdelanovsego" * 100) / ((CURRENT_DATE - "Starttime") * "kolvden")
        ELSE 0
    END
    WHERE CURRENT_DATE BETWEEN "Starttime" AND "Endtime";
END;
$$;

COMMENT ON FUNCTION reset_field_event IS 'Call daily (for example via cron) to reset per-day counters.';
COMMENT ON FUNCTION update_done_percent_event IS 'Call daily (for example via cron) to refresh done_percent similar to the MySQL event.';

SELECT setval(pg_get_serial_sequence('"appointments"', '"idAppointments"'), 646, true);
SELECT setval(pg_get_serial_sequence('"disorders"', '"idDisorders"'), 24, true);
SELECT setval(pg_get_serial_sequence('"doctors"', '"idDoctors"'), 1, true);
SELECT setval(pg_get_serial_sequence('"patients"', '"idPatients"'), 63, true);
SELECT setval(pg_get_serial_sequence('"videos"', '"idvideos"'), 71, true);
